symbol,market,display_symbol
3MINDIA.NS,India,3MINDIA
AADHARHFC.NS,India,AADHARHFC
AARTIIND.NS,India,AARTIIND
AAVAS.NS,India,AAVAS
ABB.NS,India,ABB
ABBOTINDIA.NS,India,ABBOTINDIA
ABCAPITAL.NS,India,ABCAPITAL
ABDL.NS,India,ABDL
ABFRL.NS,India,ABFRL
ABLBL.NS,India,ABLBL
ABREL.NS,India,ABREL
ABSLAMC.NS,India,ABSLAMC
ACC.NS,India,ACC
ACE.NS,India,ACE
ACMESOLAR.NS,India,ACMESOLAR
ACUTAAS.NS,India,ACUTAAS
ADANIENSOL.NS,India,ADANIENSOL
ADANIENT.NS,India,ADANIENT
ADANIGREEN.NS,India,ADANIGREEN
ADANIPORTS.NS,India,ADANIPORTS
ADANIPOWER.NS,India,ADANIPOWER
AEGISLOG.NS,India,AEGISLOG
AEGISVOPAK.NS,India,AEGISVOPAK
AFCONS.NS,India,AFCONS
AFFLE.NS,India,AFFLE
AIAENG.NS,India,AIAENG
AIIL.NS,India,AIIL
AJANTPHARM.NS,India,AJANTPHARM
AKZOINDIA.NS,India,AKZOINDIA
ALKEM.NS,India,ALKEM
AMBER.NS,India,AMBER
AMBUJACEM.NS,India,AMBUJACEM
ANANDRATHI.NS,India,ANANDRATHI
ANANTRAJ.NS,India,ANANTRAJ
ANGELONE.NS,India,ANGELONE
ANTHEM.NS,India,ANTHEM
ANURAS.NS,India,ANURAS
APARINDS.NS,India,APARINDS
APLAPOLLO.NS,India,APLAPOLLO
APOLLOHOSP.NS,India,APOLLOHOSP
APOLLOTYRE.NS,India,APOLLOTYRE
APTUS.NS,India,APTUS
ARE&M.NS,India,ARE&M
ASAHIINDIA.NS,India,ASAHIINDIA
ASHOKLEY.NS,India,ASHOKLEY
ASIANPAINT.NS,India,ASIANPAINT
ASTERDM.NS,India,ASTERDM
ASTRAL.NS,India,ASTRAL
ATGL.NS,India,ATGL
ATHERENERG.NS,India,ATHERENERG
ATUL.NS,India,ATUL
AUBANK.NS,India,AUBANK
AUROPHARMA.NS,India,AUROPHARMA
AWL.NS,India,AWL
AXISBANK.NS,India,AXISBANK
BAJAJ-AUTO.NS,India,BAJAJ-AUTO
BAJAJFINSV.NS,India,BAJAJFINSV
BAJAJHFL.NS,India,BAJAJHFL
BAJAJHLDNG.NS,India,BAJAJHLDNG
BAJFINANCE.NS,India,BAJFINANCE
BALKRISIND.NS,India,BALKRISIND
BALRAMCHIN.NS,India,BALRAMCHIN
BANDHANBNK.NS,India,BANDHANBNK
BANKBARODA.NS,India,BANKBARODA
BANKINDIA.NS,India,BANKINDIA
BATAINDIA.NS,India,BATAINDIA
BAYERCROP.NS,India,BAYERCROP
BBTC.NS,India,BBTC
BDL.NS,India,BDL
BEL.NS,India,BEL
BELRISE.NS,India,BELRISE
BEML.NS,India,BEML
BERGEPAINT.NS,India,BERGEPAINT
BHARATFORG.NS,India,BHARATFORG
BHARTIARTL.NS,India,BHARTIARTL
BHARTIHEXA.NS,India,BHARTIHEXA
BHEL.NS,India,BHEL
BIKAJI.NS,India,BIKAJI
BIOCON.NS,India,BIOCON
BLS.NS,India,BLS
BLUEDART.NS,India,BLUEDART
BLUEJET.NS,India,BLUEJET
BLUESTARCO.NS,India,BLUESTARCO
BOSCHLTD.NS,India,BOSCHLTD
BPCL.NS,India,BPCL
BRIGADE.NS,India,BRIGADE
BRITANNIA.NS,India,BRITANNIA
BSE.NS,India,BSE
BSOFT.NS,India,BSOFT
CAMS.NS,India,CAMS
CANBK.NS,India,CANBK
CANFINHOME.NS,India,CANFINHOME
CANHLIFE.NS,India,CANHLIFE
CAPLIPOINT.NS,India,CAPLIPOINT
CARBORUNIV.NS,India,CARBORUNIV
CARTRADE.NS,India,CARTRADE
CASTROLIND.NS,India,CASTROLIND
CCL.NS,India,CCL
CDSL.NS,India,CDSL
CEATLTD.NS,India,CEATLTD
CEMPRO.NS,India,CEMPRO
CENTRALBK.NS,India,CENTRALBK
CESC.NS,India,CESC
CGCL.NS,India,CGCL
CGPOWER.NS,India,CGPOWER
CHALET.NS,India,CHALET
CHAMBLFERT.NS,India,CHAMBLFERT
CHENNPETRO.NS,India,CHENNPETRO
CHOICEIN.NS,India,CHOICEIN
CHOLAFIN.NS,India,CHOLAFIN
CHOLAHLDNG.NS,India,CHOLAHLDNG
CIPLA.NS,India,CIPLA
CLEAN.NS,India,CLEAN
COALINDIA.NS,India,COALINDIA
COCHINSHIP.NS,India,COCHINSHIP
COFORGE.NS,India,COFORGE
COHANCE.NS,India,COHANCE
COLPAL.NS,India,COLPAL
CONCOR.NS,India,CONCOR
CONCORDBIO.NS,India,CONCORDBIO
COROMANDEL.NS,India,COROMANDEL
CPPLUS.NS,India,CPPLUS
CRAFTSMAN.NS,India,CRAFTSMAN
CREDITACC.NS,India,CREDITACC
CRISIL.NS,India,CRISIL
CROMPTON.NS,India,CROMPTON
CUB.NS,India,CUB
CUMMINSIND.NS,India,CUMMINSIND
CYIENT.NS,India,CYIENT
DABUR.NS,India,DABUR
DALBHARAT.NS,India,DALBHARAT
DATAPATTNS.NS,India,DATAPATTNS
DCMSHRIRAM.NS,India,DCMSHRIRAM
DEEPAKFERT.NS,India,DEEPAKFERT
DEEPAKNTR.NS,India,DEEPAKNTR
DELHIVERY.NS,India,DELHIVERY
DEVYANI.NS,India,DEVYANI
DIVISLAB.NS,India,DIVISLAB
DIXON.NS,India,DIXON
DLF.NS,India,DLF
DMART.NS,India,DMART
DOMS.NS,India,DOMS
DRREDDY.NS,India,DRREDDY
ECLERX.NS,India,ECLERX
EICHERMOT.NS,India,EICHERMOT
EIDPARRY.NS,India,EIDPARRY
EIHOTEL.NS,India,EIHOTEL
ELECON.NS,India,ELECON
ELGIEQUIP.NS,India,ELGIEQUIP
EMAMILTD.NS,India,EMAMILTD
EMCURE.NS,India,EMCURE
EMMVEE.NS,India,EMMVEE
ENDURANCE.NS,India,ENDURANCE
ENGINERSIN.NS,India,ENGINERSIN
ENRIN.NS,India,ENRIN
ERIS.NS,India,ERIS
ESCORTS.NS,India,ESCORTS
ETERNAL.NS,India,ETERNAL
EXIDEIND.NS,India,EXIDEIND
FACT.NS,India,FACT
FEDERALBNK.NS,India,FEDERALBNK
FINCABLES.NS,India,FINCABLES
FIRSTCRY.NS,India,FIRSTCRY
FIVESTAR.NS,India,FIVESTAR
FLUOROCHEM.NS,India,FLUOROCHEM
FORCEMOT.NS,India,FORCEMOT
FORTIS.NS,India,FORTIS
FSL.NS,India,FSL
GABRIEL.NS,India,GABRIEL
GAIL.NS,India,GAIL
GALLANTT.NS,India,GALLANTT
GESHIP.NS,India,GESHIP
GICRE.NS,India,GICRE
GILLETTE.NS,India,GILLETTE
GLAND.NS,India,GLAND
GLAXO.NS,India,GLAXO
GLENMARK.NS,India,GLENMARK
GMDCLTD.NS,India,GMDCLTD
GMRAIRPORT.NS,India,GMRAIRPORT
GODFRYPHLP.NS,India,GODFRYPHLP
GODIGIT.NS,India,GODIGIT
GODREJCP.NS,India,GODREJCP
GODREJIND.NS,India,GODREJIND
GODREJPROP.NS,India,GODREJPROP
GPIL.NS,India,GPIL
GRANULES.NS,India,GRANULES
GRAPHITE.NS,India,GRAPHITE
GRASIM.NS,India,GRASIM
GRAVITA.NS,India,GRAVITA
GROWW.NS,India,GROWW
GRSE.NS,India,GRSE
GSPL.NS,India,GSPL
GVT&D.NS,India,GVT&D
HAL.NS,India,HAL
HAVELLS.NS,India,HAVELLS
HBLENGINE.NS,India,HBLENGINE
HCLTECH.NS,India,HCLTECH
HDBFS.NS,India,HDBFS
HDFCAMC.NS,India,HDFCAMC
HDFCBANK.NS,India,HDFCBANK
HDFCLIFE.NS,India,HDFCLIFE
HEG.NS,India,HEG
HEROMOTOCO.NS,India,HEROMOTOCO
HEXT.NS,India,HEXT
HFCL.NS,India,HFCL
HINDALCO.NS,India,HINDALCO
HINDCOPPER.NS,India,HINDCOPPER
HINDPETRO.NS,India,HINDPETRO
HINDUNILVR.NS,India,HINDUNILVR
HINDZINC.NS,India,HINDZINC
HOMEFIRST.NS,India,HOMEFIRST
HONASA.NS,India,HONASA
HONAUT.NS,India,HONAUT
HSCL.NS,India,HSCL
HUDCO.NS,India,HUDCO
HYUNDAI.NS,India,HYUNDAI
ICICIAMC.NS,India,ICICIAMC
ICICIBANK.NS,India,ICICIBANK
ICICIGI.NS,India,ICICIGI
ICICIPRULI.NS,India,ICICIPRULI
IDBI.NS,India,IDBI
IDEA.NS,India,IDEA
IDFCFIRSTB.NS,India,IDFCFIRSTB
IEX.NS,India,IEX
IFCI.NS,India,IFCI
IGIL.NS,India,IGIL
IGL.NS,India,IGL
IIFL.NS,India,IIFL
IKS.NS,India,IKS
INDGN.NS,India,INDGN
INDHOTEL.NS,India,INDHOTEL
INDIACEM.NS,India,INDIACEM
INDIAMART.NS,India,INDIAMART
INDIANB.NS,India,INDIANB
INDIGO.NS,India,INDIGO
INDUSINDBK.NS,India,INDUSINDBK
INDUSTOWER.NS,India,INDUSTOWER
INFY.NS,India,INFY
INOXWIND.NS,India,INOXWIND
INTELLECT.NS,India,INTELLECT
IOB.NS,India,IOB
IOC.NS,India,IOC
IPCALAB.NS,India,IPCALAB
IRB.NS,India,IRB
IRCON.NS,India,IRCON
IRCTC.NS,India,IRCTC
IREDA.NS,India,IREDA
IRFC.NS,India,IRFC
ITC.NS,India,ITC
ITCHOTELS.NS,India,ITCHOTELS
ITI.NS,India,ITI
J&KBANK.NS,India,J&KBANK
JAINREC.NS,India,JAINREC
JBCHEPHARM.NS,India,JBCHEPHARM
JBMA.NS,India,JBMA
JINDALSAW.NS,India,JINDALSAW
JINDALSTEL.NS,India,JINDALSTEL
JIOFIN.NS,India,JIOFIN
JKCEMENT.NS,India,JKCEMENT
JKTYRE.NS,India,JKTYRE
JMFINANCIL.NS,India,JMFINANCIL
JPPOWER.NS,India,JPPOWER
JSL.NS,India,JSL
JSWCEMENT.NS,India,JSWCEMENT
JSWENERGY.NS,India,JSWENERGY
JSWINFRA.NS,India,JSWINFRA
JSWSTEEL.NS,India,JSWSTEEL
JUBLFOOD.NS,India,JUBLFOOD
JUBLINGREA.NS,India,JUBLINGREA
JUBLPHARMA.NS,India,JUBLPHARMA
JWL.NS,India,JWL
JYOTICNC.NS,India,JYOTICNC
KAJARIACER.NS,India,KAJARIACER
KALYANKJIL.NS,India,KALYANKJIL
KARURVYSYA.NS,India,KARURVYSYA
KAYNES.NS,India,KAYNES
KEC.NS,India,KEC
KEI.NS,India,KEI
KFINTECH.NS,India,KFINTECH
KIMS.NS,India,KIMS
KIRLOSENG.NS,India,KIRLOSENG
KOTAKBANK.NS,India,KOTAKBANK
KPIL.NS,India,KPIL
KPITTECH.NS,India,KPITTECH
KPRMILL.NS,India,KPRMILL
LALPATHLAB.NS,India,LALPATHLAB
LATENTVIEW.NS,India,LATENTVIEW
LAURUSLABS.NS,India,LAURUSLABS
LEMONTREE.NS,India,LEMONTREE
LENSKART.NS,India,LENSKART
LGEINDIA.NS,India,LGEINDIA
LICHSGFIN.NS,India,LICHSGFIN
LICI.NS,India,LICI
LINDEINDIA.NS,India,LINDEINDIA
LLOYDSME.NS,India,LLOYDSME
LODHA.NS,India,LODHA
LT.NS,India,LT
LTF.NS,India,LTF
LTFOODS.NS,India,LTFOODS
LTM.NS,India,LTM
LTTS.NS,India,LTTS
LUPIN.NS,India,LUPIN
M&M.NS,India,M&M
M&MFIN.NS,India,M&MFIN
MAHABANK.NS,India,MAHABANK
MANAPPURAM.NS,India,MANAPPURAM
MANKIND.NS,India,MANKIND
MAPMYINDIA.NS,India,MAPMYINDIA
MARICO.NS,India,MARICO
MARUTI.NS,India,MARUTI
MAXHEALTH.NS,India,MAXHEALTH
MAZDOCK.NS,India,MAZDOCK
MCX.NS,India,MCX
MEDANTA.NS,India,MEDANTA
MEESHO.NS,India,MEESHO
MFSL.NS,India,MFSL
MGL.NS,India,MGL
MINDACORP.NS,India,MINDACORP
MMTC.NS,India,MMTC
MOTHERSON.NS,India,MOTHERSON
MOTILALOFS.NS,India,MOTILALOFS
MPHASIS.NS,India,MPHASIS
MRF.NS,India,MRF
MRPL.NS,India,MRPL
MSUMI.NS,India,MSUMI
MUTHOOTFIN.NS,India,MUTHOOTFIN
NAM-INDIA.NS,India,NAM-INDIA
NATCOPHARM.NS,India,NATCOPHARM
NATIONALUM.NS,India,NATIONALUM
NAUKRI.NS,India,NAUKRI
NAVA.NS,India,NAVA
NAVINFLUOR.NS,India,NAVINFLUOR
NBCC.NS,India,NBCC
NCC.NS,India,NCC
NESTLEIND.NS,India,NESTLEIND
NETWEB.NS,India,NETWEB
NEULANDLAB.NS,India,NEULANDLAB
NEWGEN.NS,India,NEWGEN
NH.NS,India,NH
NHPC.NS,India,NHPC
NIACL.NS,India,NIACL
NIVABUPA.NS,India,NIVABUPA
NLCINDIA.NS,India,NLCINDIA
NMDC.NS,India,NMDC
NSLNISP.NS,India,NSLNISP
NTPC.NS,India,NTPC
NTPCGREEN.NS,India,NTPCGREEN
NUVAMA.NS,India,NUVAMA
NUVOCO.NS,India,NUVOCO
NYKAA.NS,India,NYKAA
OBEROIRLTY.NS,India,OBEROIRLTY
OFSS.NS,India,OFSS
OIL.NS,India,OIL
OLAELEC.NS,India,OLAELEC
OLECTRA.NS,India,OLECTRA
ONESOURCE.NS,India,ONESOURCE
ONGC.NS,India,ONGC
PAGEIND.NS,India,PAGEIND
PARADEEP.NS,India,PARADEEP
PATANJALI.NS,India,PATANJALI
PAYTM.NS,India,PAYTM
PCBL.NS,India,PCBL
PERSISTENT.NS,India,PERSISTENT
PETRONET.NS,India,PETRONET
PFC.NS,India,PFC
PFIZER.NS,India,PFIZER
PGEL.NS,India,PGEL
PHOENIXLTD.NS,India,PHOENIXLTD
PIDILITIND.NS,India,PIDILITIND
PIIND.NS,India,PIIND
PINELABS.NS,India,PINELABS
PIRAMALFIN.NS,India,PIRAMALFIN
PNB.NS,India,PNB
PNBHOUSING.NS,India,PNBHOUSING
POLICYBZR.NS,India,POLICYBZR
POLYCAB.NS,India,POLYCAB
POLYMED.NS,India,POLYMED
POONAWALLA.NS,India,POONAWALLA
POWERGRID.NS,India,POWERGRID
POWERINDIA.NS,India,POWERINDIA
PPLPHARMA.NS,India,PPLPHARMA
PREMIERENE.NS,India,PREMIERENE
PRESTIGE.NS,India,PRESTIGE
PTCIL.NS,India,PTCIL
PVRINOX.NS,India,PVRINOX
PWL.NS,India,PWL
RADICO.NS,India,RADICO
RAILTEL.NS,India,RAILTEL
RAINBOW.NS,India,RAINBOW
RAMCOCEM.NS,India,RAMCOCEM
RBLBANK.NS,India,RBLBANK
RECLTD.NS,India,RECLTD
REDINGTON.NS,India,REDINGTON
RELIANCE.NS,India,RELIANCE
RHIM.NS,India,RHIM
RITES.NS,India,RITES
RKFORGE.NS,India,RKFORGE
RPOWER.NS,India,RPOWER
RRKABEL.NS,India,RRKABEL
RVNL.NS,India,RVNL
SAGILITY.NS,India,SAGILITY
SAIL.NS,India,SAIL
SAILIFE.NS,India,SAILIFE
SAMMAANCAP.NS,India,SAMMAANCAP
SAPPHIRE.NS,India,SAPPHIRE
SARDAEN.NS,India,SARDAEN
SAREGAMA.NS,India,SAREGAMA
SBFC.NS,India,SBFC
SBICARD.NS,India,SBICARD
SBILIFE.NS,India,SBILIFE
SBIN.NS,India,SBIN
SCHAEFFLER.NS,India,SCHAEFFLER
SCHNEIDER.NS,India,SCHNEIDER
SCI.NS,India,SCI
SHREECEM.NS,India,SHREECEM
SHRIRAMFIN.NS,India,SHRIRAMFIN
SHYAMMETL.NS,India,SHYAMMETL
SIEMENS.NS,India,SIEMENS
SIGNATURE.NS,India,SIGNATURE
SJVN.NS,India,SJVN
SOBHA.NS,India,SOBHA
SOLARINDS.NS,India,SOLARINDS
SONACOMS.NS,India,SONACOMS
SONATSOFTW.NS,India,SONATSOFTW
SPLPETRO.NS,India,SPLPETRO
SRF.NS,India,SRF
STARHEALTH.NS,India,STARHEALTH
SUMICHEM.NS,India,SUMICHEM
SUNDARMFIN.NS,India,SUNDARMFIN
SUNPHARMA.NS,India,SUNPHARMA
SUNTV.NS,India,SUNTV
SUPREMEIND.NS,India,SUPREMEIND
SUZLON.NS,India,SUZLON
SWANCORP.NS,India,SWANCORP
SWIGGY.NS,India,SWIGGY
SYNGENE.NS,India,SYNGENE
SYRMA.NS,India,SYRMA
TARIL.NS,India,TARIL
TATACAP.NS,India,TATACAP
TATACHEM.NS,India,TATACHEM
TATACOMM.NS,India,TATACOMM
TATACONSUM.NS,India,TATACONSUM
TATAELXSI.NS,India,TATAELXSI
TATAINVEST.NS,India,TATAINVEST
TATAPOWER.NS,India,TATAPOWER
TATASTEEL.NS,India,TATASTEEL
TATATECH.NS,India,TATATECH
TBOTEK.NS,India,TBOTEK
TCS.NS,India,TCS
TECHM.NS,India,TECHM
TECHNOE.NS,India,TECHNOE
TEGA.NS,India,TEGA
TEJASNET.NS,India,TEJASNET
TENNIND.NS,India,TENNIND
THELEELA.NS,India,THELEELA
THERMAX.NS,India,THERMAX
TIINDIA.NS,India,TIINDIA
TIMKEN.NS,India,TIMKEN
TITAGARH.NS,India,TITAGARH
TITAN.NS,India,TITAN
TMCV.NS,India,TMCV
TMPV.NS,India,TMPV
TORNTPHARM.NS,India,TORNTPHARM
TORNTPOWER.NS,India,TORNTPOWER
TRAVELFOOD.NS,India,TRAVELFOOD
TRENT.NS,India,TRENT
TRIDENT.NS,India,TRIDENT
TRITURBINE.NS,India,TRITURBINE
TTML.NS,India,TTML
TVSMOTOR.NS,India,TVSMOTOR
UBL.NS,India,UBL
UCOBANK.NS,India,UCOBANK
ULTRACEMCO.NS,India,ULTRACEMCO
UNIONBANK.NS,India,UNIONBANK
UNITDSPR.NS,India,UNITDSPR
UNOMINDA.NS,India,UNOMINDA
UPL.NS,India,UPL
URBANCO.NS,India,URBANCO
USHAMART.NS,India,USHAMART
UTIAMC.NS,India,UTIAMC
VBL.NS,India,VBL
VEDL.NS,India,VEDL
VIJAYA.NS,India,VIJAYA
VMM.NS,India,VMM
VOLTAS.NS,India,VOLTAS
VTL.NS,India,VTL
WAAREEENER.NS,India,WAAREEENER
WELCORP.NS,India,WELCORP
WELSPUNLIV.NS,India,WELSPUNLIV
WHIRLPOOL.NS,India,WHIRLPOOL
WIPRO.NS,India,WIPRO
WOCKPHARMA.NS,India,WOCKPHARMA
YESBANK.NS,India,YESBANK
ZEEL.NS,India,ZEEL
ZENSARTECH.NS,India,ZENSARTECH
ZENTEC.NS,India,ZENTEC
ZFCVINDIA.NS,India,ZFCVINDIA
ZYDUSLIFE.NS,India,ZYDUSLIFE
ZYDUSWELL.NS,India,ZYDUSWELL
NVDA,USA,NVDA
AAPL,USA,AAPL
MSFT,USA,MSFT
AMZN,USA,AMZN
GOOGL,USA,GOOGL
GOOG,USA,GOOG
AVGO,USA,AVGO
META,USA,META
TSLA,USA,TSLA
BRK-B,USA,BRK-B
LLY,USA,LLY
MU,USA,MU
JPM,USA,JPM
WMT,USA,WMT
AMD,USA,AMD
V,USA,V
XOM,USA,XOM
JNJ,USA,JNJ
INTC,USA,INTC
MA,USA,MA
CSCO,USA,CSCO
BAC,USA,BAC
ABBV,USA,ABBV
AMAT,USA,AMAT
COST,USA,COST
ORCL,USA,ORCL
CAT,USA,CAT
LRCX,USA,LRCX
GE,USA,GE
PLTR,USA,PLTR
CVX,USA,CVX
KO,USA,KO
UNH,USA,UNH
HD,USA,HD
PG,USA,PG
MS,USA,MS
MRK,USA,MRK
GS,USA,GS
NFLX,USA,NFLX
RTX,USA,RTX
PM,USA,PM
PANW,USA,PANW
DELL,USA,DELL
GEV,USA,GEV
WFC,USA,WFC
KLAC,USA,KLAC
TXN,USA,TXN
ANET,USA,ANET
AXP,USA,AXP
LIN,USA,LIN
C,USA,C
IBM,USA,IBM
AMGN,USA,AMGN
TMO,USA,TMO
APH,USA,APH
CRWD,USA,CRWD
STX,USA,STX
MRVL,USA,MRVL
MCD,USA,MCD
SNDK,USA,SNDK
VZ,USA,VZ
TMUS,USA,TMUS
PEP,USA,PEP
ADI,USA,ADI
SCHW,USA,SCHW
BA,USA,BA
ABT,USA,ABT
DIS,USA,DIS
NEE,USA,NEE
TJX,USA,TJX
ETN,USA,ETN
UNP,USA,UNP
BLK,USA,BLK
WELL,USA,WELL
QCOM,USA,QCOM
DE,USA,DE
WDC,USA,WDC
GILD,USA,GILD
T,USA,T
BKNG,USA,BKNG
CRM,USA,CRM
PFE,USA,PFE
COP,USA,COP
UBER,USA,UBER
DHR,USA,DHR
GLW,USA,GLW
CB,USA,CB
COF,USA,COF
PH,USA,PH
LMT,USA,LMT
ISRG,USA,ISRG
PLD,USA,PLD
BMY,USA,BMY
SYK,USA,SYK
PGR,USA,PGR
CVS,USA,CVS
VRTX,USA,VRTX
LOW,USA,LOW
SPGI,USA,SPGI
SBUX,USA,SBUX
NOW,USA,NOW
FTNT,USA,FTNT
HWM,USA,HWM
MO,USA,MO
APP,USA,APP
NEM,USA,NEM
MDT,USA,MDT
VRT,USA,VRT
ADP,USA,ADP
BNY,USA,BNY
BX,USA,BX
SO,USA,SO
TT,USA,TT
GD,USA,GD
EQIX,USA,EQIX
ACN,USA,ACN
PWR,USA,PWR
ADBE,USA,ADBE
PNC,USA,PNC
USB,USA,USB
FCX,USA,FCX
MCK,USA,MCK
DUK,USA,DUK
CEG,USA,CEG
CME,USA,CME
CSX,USA,CSX
CDNS,USA,CDNS
JCI,USA,JCI
KKR,USA,KKR
MAR,USA,MAR
MMM,USA,MMM
MNST,USA,MNST
MRSH,USA,MRSH
DASH,USA,DASH
WM,USA,WM
ABNB,USA,ABNB
EMR,USA,EMR
CMI,USA,CMI
SHW,USA,SHW
CMCSA,USA,CMCSA
UPS,USA,UPS
HCA,USA,HCA
MPC,USA,MPC
WMB,USA,WMB
INTU,USA,INTU
VLO,USA,VLO
RCL,USA,RCL
DDOG,USA,DDOG
ITW,USA,ITW
ELV,USA,ELV
ICE,USA,ICE
HOOD,USA,HOOD
PSX,USA,PSX
MCO,USA,MCO
ROST,USA,ROST
MDLZ,USA,MDLZ
CTAS,USA,CTAS
TRV,USA,TRV
AMT,USA,AMT
ECL,USA,ECL
NOC,USA,NOC
REGN,USA,REGN
SNPS,USA,SNPS
GM,USA,GM
SLB,USA,SLB
MSI,USA,MSI
HON,USA,HON
NSC,USA,NSC
ORLY,USA,ORLY
CVNA,USA,CVNA
AON,USA,AON
FDX,USA,FDX
CL,USA,CL
APO,USA,APO
HLT,USA,HLT
BSX,USA,BSX
SPG,USA,SPG
URI,USA,URI
CI,USA,CI
DLR,USA,DLR
EOG,USA,EOG
HPE,USA,HPE
PCAR,USA,PCAR
KMI,USA,KMI
ALL,USA,ALL
TDG,USA,TDG
MPWR,USA,MPWR
AEP,USA,AEP
LITE,USA,LITE
COHR,USA,COHR
TGT,USA,TGT
APD,USA,APD
WBD,USA,WBD
CRH,USA,CRH
TFC,USA,TFC
AFL,USA,AFL
AJG,USA,AJG
RSG,USA,RSG
MET,USA,MET
TEL,USA,TEL
NKE,USA,NKE
BKR,USA,BKR
NUE,USA,NUE
TER,USA,TER
FIX,USA,FIX
PSA,USA,PSA
DAL,USA,DAL
COR,USA,COR
GWW,USA,GWW
D,USA,D
NXPI,USA,NXPI
CIEN,USA,CIEN
GRMN,USA,GRMN
O,USA,O
KEYS,USA,KEYS
FAST,USA,FAST
AME,USA,AME
TRGP,USA,TRGP
OXY,USA,OXY
F,USA,F
SRE,USA,SRE
OKE,USA,OKE
CAH,USA,CAH
CARR,USA,CARR
LHX,USA,LHX
FANG,USA,FANG
NDAQ,USA,NDAQ
FITB,USA,FITB
STT,USA,STT
CTVA,USA,CTVA
EW,USA,EW
HONA,USA,HONA
PYPL,USA,PYPL
ADSK,USA,ADSK
AZO,USA,AZO
WAB,USA,WAB
ETR,USA,ETR
DVN,USA,DVN
FERG,USA,FERG
ROK,USA,ROK
EBAY,USA,EBAY
AMP,USA,AMP
BDX,USA,BDX
XEL,USA,XEL
VST,USA,VST
XYZ,USA,XYZ
VTR,USA,VTR
EXC,USA,EXC
IDXX,USA,IDXX
FLEX,USA,FLEX
AXON,USA,AXON
ODFL,USA,ODFL
TTWO,USA,TTWO
HUM,USA,HUM
CBRE,USA,CBRE
MCHP,USA,MCHP
CMG,USA,CMG
LYV,USA,LYV
UAL,USA,UAL
PAYX,USA,PAYX
AIG,USA,AIG
KDP,USA,KDP
PRU,USA,PRU
YUM,USA,YUM
MSCI,USA,MSCI
WDAY,USA,WDAY
DHI,USA,DHI
SYY,USA,SYY
CCL,USA,CCL
ED,USA,ED
A,USA,A
COIN,USA,COIN
HIG,USA,HIG
IBKR,USA,IBKR
WAT,USA,WAT
ROP,USA,ROP
STLD,USA,STLD
IQV,USA,IQV
PEG,USA,PEG
PCG,USA,PCG
ADM,USA,ADM
EXPE,USA,EXPE
NTAP,USA,NTAP
KVUE,USA,KVUE
IRM,USA,IRM
VMC,USA,VMC
JBL,USA,JBL
KMB,USA,KMB
MTB,USA,MTB
EME,USA,EME
HSY,USA,HSY
HBAN,USA,HBAN
WEC,USA,WEC
IR,USA,IR
KR,USA,KR
VEEV,USA,VEEV
RJF,USA,RJF
ACGL,USA,ACGL
NTRS,USA,NTRS
CCI,USA,CCI
TPR,USA,TPR
RMD,USA,RMD
MLM,USA,MLM
EQT,USA,EQT
ZTS,USA,ZTS
EXR,USA,EXR
TDY,USA,TDY
EL,USA,EL
CNC,USA,CNC
GEHC,USA,GEHC
DXCM,USA,DXCM
WTW,USA,WTW
ARES,USA,ARES
CFG,USA,CFG
CASY,USA,CASY
BIIB,USA,BIIB
CBOE,USA,CBOE
AEE,USA,AEE
KHC,USA,KHC
LVS,USA,LVS
WSM,USA,WSM
VICI,USA,VICI
DTE,USA,DTE
ATO,USA,ATO
Q,USA,Q
DOV,USA,DOV
XYL,USA,XYL
MTD,USA,MTD
DG,USA,DG
OTIS,USA,OTIS
FISV,USA,FISV
FE,USA,FE
HAL,USA,HAL
CINF,USA,CINF
ES,USA,ES
HUBB,USA,HUBB
RF,USA,RF
AVB,USA,AVB
AWK,USA,AWK
FSLR,USA,FSLR
CNP,USA,CNP
CPRT,USA,CPRT
WRB,USA,WRB
VRSN,USA,VRSN
PPG,USA,PPG
PPL,USA,PPL
EIX,USA,EIX
ECHO,USA,ECHO
DGX,USA,DGX
HPQ,USA,HPQ
CPAY,USA,CPAY
SYF,USA,SYF
NRG,USA,NRG
JBHT,USA,JBHT
LH,USA,LH
EQR,USA,EQR
CTSH,USA,CTSH
DLTR,USA,DLTR
SW,USA,SW
PHM,USA,PHM
KEY,USA,KEY
WST,USA,WST
PFG,USA,PFG
CHD,USA,CHD
TROW,USA,TROW
VRSK,USA,VRSK
TPL,USA,TPL
RL,USA,RL
GPN,USA,GPN
DRI,USA,DRI
BRO,USA,BRO
INCY,USA,INCY
VLTO,USA,VLTO
L,USA,L
FFIV,USA,FFIV
ULTA,USA,ULTA
LUV,USA,LUV
EXPD,USA,EXPD
STZ,USA,STZ
OMC,USA,OMC
PKG,USA,PKG
FICO,USA,FICO
CMS,USA,CMS
MRNA,USA,MRNA
STE,USA,STE
FIS,USA,FIS
DOW,USA,DOW
AMCR,USA,AMCR
IFF,USA,IFF
IP,USA,IP
SNA,USA,SNA
FDXF,USA,FDXF
EXE,USA,EXE
BG,USA,BG
EFX,USA,EFX
LEN,USA,LEN
NI,USA,NI
TSN,USA,TSN
VTRS,USA,VTRS
SMCI,USA,SMCI
DD,USA,DD
LYB,USA,LYB
GIS,USA,GIS
SBAC,USA,SBAC
EVRG,USA,EVRG
ON,USA,ON
ZBH,USA,ZBH
BR,USA,BR
FTV,USA,FTV
CHTR,USA,CHTR
WY,USA,WY
ESS,USA,ESS
GPC,USA,GPC
LNT,USA,LNT
CDW,USA,CDW
INVH,USA,INVH
TSCO,USA,TSCO
ROL,USA,ROL
ZBRA,USA,ZBRA
AKAM,USA,AKAM
CHRW,USA,CHRW
BEN,USA,BEN
IEX,USA,IEX
CF,USA,CF
NDSN,USA,NDSN
BBY,USA,BBY
NVR,USA,NVR
BALL,USA,BALL
J,USA,J
LDOS,USA,LDOS
KIM,USA,KIM
GEN,USA,GEN
HST,USA,HST
MAA,USA,MAA
SWK,USA,SWK
PTC,USA,PTC
LII,USA,LII
ALB,USA,ALB
TXT,USA,TXT
MAS,USA,MAS
DOC,USA,DOC
AIZ,USA,AIZ
SOLV,USA,SOLV
COO,USA,COO
REG,USA,REG
GL,USA,GL
BAX,USA,BAX
ALLE,USA,ALLE
EG,USA,EG
LULU,USA,LULU
IVZ,USA,IVZ
MKC,USA,MKC
HRL,USA,HRL
TKO,USA,TKO
TRMB,USA,TRMB
DECK,USA,DECK
ERIE,USA,ERIE
AVY,USA,AVY
BF-B,USA,BF-B
GNRC,USA,GNRC
CLX,USA,CLX
HAS,USA,HAS
APA,USA,APA
SJM,USA,SJM
RVTY,USA,RVTY
HII,USA,HII
CRL,USA,CRL
TYL,USA,TYL
FOXA,USA,FOXA
ALGN,USA,ALGN
UDR,USA,UDR
PNW,USA,PNW
IT,USA,IT
FOX,USA,FOX
CSGP,USA,CSGP
DPZ,USA,DPZ
DVA,USA,DVA
MGM,USA,MGM
GDDY,USA,GDDY
TECH,USA,TECH
PNR,USA,PNR
BXP,USA,BXP
CPT,USA,CPT
JKHY,USA,JKHY
NWSA,USA,NWSA
WYNN,USA,WYNN
AES,USA,AES
FRT,USA,FRT
UHS,USA,UHS
PSKY,USA,PSKY
HSIC,USA,HSIC
SWKS,USA,SWKS
APTV,USA,APTV
FDS,USA,FDS
PODD,USA,PODD
NCLH,USA,NCLH
AOS,USA,AOS
ARE,USA,ARE
TTD,USA,TTD
TAP,USA,TAP
BLDR,USA,BLDR
MOS,USA,MOS
